Sequence Name,Sequence,Scale,Purification
subra_0,AAACACGTGGCAAACATTCC,25 nm,STD
subra_92,ATGCTAGCTGGAACTATCGG,25 nm,STD
subra_1,AAACCGGAGCCATACAGTAC,25 nm,STD
subra_93,ATTAGGATTGCGAGCGACAC,25 nm,STD
subra_2,AAAGCACTCTTAGGCCTCTG,25 nm,STD
subra_94,ATTAGTACACTCCGTGAGCG,25 nm,STD
subra_3,AAAGGGGCCGTCAATATCAG,25 nm,STD
subra_95,ATTCAAGGGTTGGACGACTC,25 nm,STD
subra_4,AAATAAGACGACGACCCTCG,25 nm,STD
subra_96,ATTCTCACGACGCAAGATGG,25 nm,STD
subra_5,AACGATGATGCTCACTCTCG,25 nm,STD
subra_97,ATTGACGGGAACTACACTCG,25 nm,STD
subra_10,AAGAATTACTGACCCCTCGG,25 nm,STD
subra_98,CACTCGATAGGTACAACCGG,25 nm,STD
subra_11,AAGACGATCCGAGCCATTAC,25 nm,STD
subra_99,CAGACCTACGGATCTTAGCG,25 nm,STD
subra_12,AAGGAACTATGGCATCGAGC,25 nm,STD
subra_100,CCACGAGATAAGAGGATGGC,25 nm,STD
subra_13,AAGGACTGCATACCAGGTTG,25 nm,STD
subra_101,CCAGAGCTTAGGGGACATAC,25 nm,STD
subra_14,AAGGATATGTAGACACCGCC,25 nm,STD
subra_102,CCCGAGGGGAGAAATATACC,25 nm,STD
subra_15,AAGGCCCAGAAGGATACAAC,25 nm,STD
subra_103,CCGAGGGAACCATGATACAG,25 nm,STD
subra_16,AAGGCGCTCGGATAATACTC,25 nm,STD
subra_104,CCGGGAGGAAGATATAGCAC,25 nm,STD
subra_17,AAGGTATGTATAGCGACCGC,25 nm,STD
subra_105,CCGGTTGTACCTATCGAGTG,25 nm,STD
subra_19,AATAGGAACCTCTTACGCGG,25 nm,STD
subra_106,CCGTGCGACAAGATTTCAAG,25 nm,STD
subra_20,AATATCACGCAAAAGCACCG,25 nm,STD
subra_107,CCTTTAACAGGACATGCAGC,25 nm,STD
subra_21,AATCAGTTTCTTTGGCAGCC,25 nm,STD
subra_108,CGAACGCAAAAGTCCTCAAG,25 nm,STD
subra_22,AATGCAAAGCTATTAGCGCG,25 nm,STD
subra_109,CGATAGAACGACCAGGTAGC,25 nm,STD
subra_23,AATGCGTCATTTTACACGGC,25 nm,STD
subra_110,CGGATCGAACTTAGGTAGCC,25 nm,STD
subra_24,AATGTCCTTAGGCAGTCGTC,25 nm,STD
subra_111,CGGGAGGAAGTCTTTAGACC,25 nm,STD
subra_25,ACAACGAGCAGACCGAATAG,25 nm,STD
subra_112,CTAATATCCCTGAGCGACGG,25 nm,STD
subra_26,ACAAGGAGTCGGCATATCAC,25 nm,STD
subra_114,CTAGGGAACCAGGCTTAACG,25 nm,STD
subra_27,ACAGAACGAACAGGCACTAC,25 nm,STD
subra_115,CTAGGGGATGGTCCAATACG,25 nm,STD
subra_28,ACAGGAAGCAAGGTATACGC,25 nm,STD
subra_116,CTATAGAATCCGGGCTGGTC,25 nm,STD
subra_29,ACAGGGTATATTGAGTGCCC,25 nm,STD
subra_118,CTGCTAGGGGCTACTTATCG,25 nm,STD
subra_30,ACATAAGCGATCCCAAGGTC,25 nm,STD
subra_119,GAAAAGTCCCAATGAGTGCC,25 nm,STD
subra_31,ACATCGCATACCAGAACAGG,25 nm,STD
subra_120,GAAGTGGTTTGCCTAAACGC,25 nm,STD
subra_32,ACATTAAATTTCGCCGTGGC,25 nm,STD
subra_121,GACCATGCAAGGAGAGGTAC,25 nm,STD
subra_33,ACCACAGGTCAAGATTCACG,25 nm,STD
subra_122,GATACATAGACTTGGCCCCG,25 nm,STD
subra_34,ACCCGTATCGCATAAGGATG,25 nm,STD
subra_123,GCACGCAAAAGGACATAACC,25 nm,STD
subra_35,ACGAGATGATGCACCGATAG,25 nm,STD
subra_124,GCAGCGTTTTAGCCTACAAG,25 nm,STD
subra_36,ACGATGGGGACATAGAACAC,25 nm,STD
subra_125,GCATAAAGTTGACAGGCCAG,25 nm,STD
subra_37,ACGGAGCCCTTATTGTAACC,25 nm,STD
subra_126,GCTAAATAGAGGGAAGCCCC,25 nm,STD
subra_38,ACGTATGGGGAACACTACAC,25 nm,STD
subra_127,GGAAAACTAAGACAAGGCGC,25 nm,STD
subra_39,ACGTGAAACTGTATCGAGCC,25 nm,STD
subra_128,GGAAACAATAACCATCGGCG,25 nm,STD
subra_40,ACGTTCAGTTTTCCAATGGC,25 nm,STD
subra_129,GGGCACCGATTAAGAAATGC,25 nm,STD
subra_41,ACTAGATTAGCAAGGCACCC,25 nm,STD
subra_130,GGGTTGTCTCCTCTGATAGC,25 nm,STD
subra_42,ACTGGACCCAATAAAAGGCC,25 nm,STD
subra_131,GTACTCAGAGATTGCCGGAG,25 nm,STD
subra_43,ACTTCGATTGGCAAGGACTG,25 nm,STD
subra_132,GTATAAGATCAGCCGGACCC,25 nm,STD
subra_44,AGAACATAGCATTCACGGGG,25 nm,STD
subra_133,GTATGTCGGCTCTCGTATCG,25 nm,STD
subra_45,AGACAACAATCTGAGGCTGG,25 nm,STD
subra_134,GTTCAGAGGTACGAACCCTC,25 nm,STD
subra_46,AGACAAGCCTTAACCGTAGG,25 nm,STD
subra_135,GTTGCATCTAAGCCAAGTGC,25 nm,STD
subra_47,AGACACAAGGCTGATTCCAG,25 nm,STD
subra_136,TAAAGAGAGGGCGTCCAATC,25 nm,STD
subra_48,AGACATGGGATTGACCACAC,25 nm,STD
subra_138,TAACGACGTGCCGAACTTAG,25 nm,STD
subra_49,AGAGAGGCATGATTGACCTC,25 nm,STD
subra_139,TAAGATAGCACCACGGATGG,25 nm,STD
subra_50,AGAGTTGCACCTAGAATCCG,25 nm,STD
subra_140,TAAGGATTCATCAGGTGCGC,25 nm,STD
subra_51,AGATAGATGCTCCGTCAAGC,25 nm,STD
subra_141,TAAGGGACGATGCTTAACCC,25 nm,STD
subra_52,AGATAGTCACGCACAAGACC,25 nm,STD
subra_143,TACCACGAAATGCACAGGAG,25 nm,STD
subra_53,AGATTAGCCGACTTTCCTGG,25 nm,STD
subra_144,TACTGATAATTCGGACGCCC,25 nm,STD
subra_54,AGATTAGCTGCCGATACTGG,25 nm,STD
subra_145,TACTTGAATACCACGTGGCC,25 nm,STD
subra_55,AGATTGTTACTCCGACGGAC,25 nm,STD
subra_146,TAGCCAGGCAAAAGAGATCC,25 nm,STD
subra_56,AGATTTCCGACGAGATTCCC,25 nm,STD
subra_147,TAGCTCGATAATCAAGGGGC,25 nm,STD
subra_57,AGCATCCGTCTAAATCTCGG,25 nm,STD
subra_148,TAGTGACCTAATGCCATGGG,25 nm,STD
subra_58,AGCTATAAGAATTGCCGGGC,25 nm,STD
subra_149,TAGTTGAGAACACGAACCCG,25 nm,STD
subra_59,AGCTATGATCCCGGTGTAAC,25 nm,STD
subra_150,TATAACAGGCTGCTGAGACC,25 nm,STD
subra_60,AGCTCAATCTAACAGTGGGG,25 nm,STD
subra_151,TATACTGAAGAACGGCCCAG,25 nm,STD
subra_61,AGGACACCAGACCAATGAAG,25 nm,STD
subra_152,TATCAATCCGGAACCAGTGC,25 nm,STD
subra_62,AGGGCTAATTACCATCAGCG,25 nm,STD
subra_153,TATCACGGAAGGACTCAACG,25 nm,STD
subra_63,AGGTGATCTGACGAATGTCC,25 nm,STD
subra_155,TCAAAGGAGCACGAACCTAC,25 nm,STD
subra_64,AGTAAAGCATAGTGCCCAGC,25 nm,STD
subra_156,TCAAGGTCCGTTATGGAACC,25 nm,STD
subra_66,AGTAGTATCCGAATCGCTGC,25 nm,STD
subra_157,TCACATAGAAGGACATGGCG,25 nm,STD
subra_67,AGTATCTCAGCAAGGGCAAC,25 nm,STD
subra_158,TCACTTGGTATCGAGAACGG,25 nm,STD
subra_68,AGTATTAGGCGTCAAGGTCC,25 nm,STD
subra_159,TCAGCCTTTCATTGATTGCG,25 nm,STD
subra_69,AGTATTCTTACAGCCAGCCG,25 nm,STD
subra_161,TCATCGACAAGATACAGGCG,25 nm,STD
subra_70,AGTATTGCCGGACTAAACCC,25 nm,STD
subra_162,TCCAATTATACGGAGCAGGC,25 nm,STD
subra_72,AGTCCCAAGTTCAGACGTAC,25 nm,STD
subra_163,TCGAATATGCTGTAACCCCG,25 nm,STD
subra_73,AGTCCGACACAATGTGACAC,25 nm,STD
subra_164,TCGACCAGGTTATCATGAGC,25 nm,STD
subra_74,AGTGAACTGACCGAATCCTC,25 nm,STD
subra_165,TCGAGACAAGAACGATTCCC,25 nm,STD
subra_76,AGTGGTCTGTAAACCGTACC,25 nm,STD
subra_166,TCTAGGACTATCACCGGAGG,25 nm,STD
subra_77,AGTGTTTTCCATTTTCCGCG,25 nm,STD
subra_168,TCTTCATAAGCCAGAGTGCC,25 nm,STD
subra_78,AGTTATAAGGGTCCGATGCC,25 nm,STD
subra_169,TCTTGCGATAGACACAAGCC,25 nm,STD
subra_79,AGTTGCAGTATCTAACCCGC,25 nm,STD
subra_170,TGAGCCATAAAAGCAAAGCG,25 nm,STD
subra_80,AGTTGTAATATCACCCGCGC,25 nm,STD
subra_171,TGAGCGCAGAACTATCAGAC,25 nm,STD
subra_82,ATACGTGGCTAGCATGAGAC,25 nm,STD
subra_172,TGCATAGTATCCCAACAGGG,25 nm,STD
subra_83,ATACTGTAAGAACCACGCGG,25 nm,STD
subra_173,TGCCAAAGGGTAGAGACATC,25 nm,STD
subra_84,ATAGATCATGTCGGCAGTCG,25 nm,STD
subra_174,TGCTGAATGAGAAACCTCGG,25 nm,STD
subra_85,ATAGATGGTGCCTACATGCG,25 nm,STD
subra_176,TGGGGACGACTTATAATGCC,25 nm,STD
subra_87,ATCACAACAAAGGACGGGTC,25 nm,STD
subra_177,TGTGGACCCTATCAAACGAG,25 nm,STD
subra_88,ATCAGACAACACAGAGGCTG,25 nm,STD
subra_179,TTAGCTCAGGTCCAAAGTCC,25 nm,STD
subra_89,ATCCAGGAGGTCTAGGAACC,25 nm,STD
subra_180,TTAGTAGGCAAGCATACCCG,25 nm,STD
subra_90,ATCCTAGAAAAGGCGAAGGC,25 nm,STD
subra_182,TTCGGGAGCGGATTATACAC,25 nm,STD
subra_91,ATGCCATGACGACAACTAGC,25 nm,STD
subra_183,TTCTGGGACTGGATAACACG,25 nm,STD
subra_184,TTGACAGACAATCCGTAGGC,25 nm,STD
