fwd_name,fwd_sequence,rev_name,rev_sequence
subra_0,AAACACGTGGCAAACATTCC,subra_92,ATGCTAGCTGGAACTATCGG
subra_1,AAACCGGAGCCATACAGTAC,subra_93,ATTAGGATTGCGAGCGACAC
subra_2,AAAGCACTCTTAGGCCTCTG,subra_94,ATTAGTACACTCCGTGAGCG
subra_3,AAAGGGGCCGTCAATATCAG,subra_95,ATTCAAGGGTTGGACGACTC
subra_4,AAATAAGACGACGACCCTCG,subra_96,ATTCTCACGACGCAAGATGG
subra_5,AACGATGATGCTCACTCTCG,subra_97,ATTGACGGGAACTACACTCG
subra_10,AAGAATTACTGACCCCTCGG,subra_98,CACTCGATAGGTACAACCGG
subra_11,AAGACGATCCGAGCCATTAC,subra_99,CAGACCTACGGATCTTAGCG
subra_12,AAGGAACTATGGCATCGAGC,subra_100,CCACGAGATAAGAGGATGGC
subra_13,AAGGACTGCATACCAGGTTG,subra_101,CCAGAGCTTAGGGGACATAC
subra_14,AAGGATATGTAGACACCGCC,subra_102,CCCGAGGGGAGAAATATACC
subra_15,AAGGCCCAGAAGGATACAAC,subra_103,CCGAGGGAACCATGATACAG
subra_16,AAGGCGCTCGGATAATACTC,subra_104,CCGGGAGGAAGATATAGCAC
subra_17,AAGGTATGTATAGCGACCGC,subra_105,CCGGTTGTACCTATCGAGTG
subra_19,AATAGGAACCTCTTACGCGG,subra_106,CCGTGCGACAAGATTTCAAG
subra_20,AATATCACGCAAAAGCACCG,subra_107,CCTTTAACAGGACATGCAGC
subra_21,AATCAGTTTCTTTGGCAGCC,subra_108,CGAACGCAAAAGTCCTCAAG
subra_22,AATGCAAAGCTATTAGCGCG,subra_109,CGATAGAACGACCAGGTAGC
subra_23,AATGCGTCATTTTACACGGC,subra_110,CGGATCGAACTTAGGTAGCC
subra_24,AATGTCCTTAGGCAGTCGTC,subra_111,CGGGAGGAAGTCTTTAGACC
subra_25,ACAACGAGCAGACCGAATAG,subra_112,CTAATATCCCTGAGCGACGG
subra_26,ACAAGGAGTCGGCATATCAC,subra_114,CTAGGGAACCAGGCTTAACG
subra_27,ACAGAACGAACAGGCACTAC,subra_115,CTAGGGGATGGTCCAATACG
subra_28,ACAGGAAGCAAGGTATACGC,subra_116,CTATAGAATCCGGGCTGGTC
subra_29,ACAGGGTATATTGAGTGCCC,subra_118,CTGCTAGGGGCTACTTATCG
subra_30,ACATAAGCGATCCCAAGGTC,subra_119,GAAAAGTCCCAATGAGTGCC
subra_31,ACATCGCATACCAGAACAGG,subra_120,GAAGTGGTTTGCCTAAACGC
subra_32,ACATTAAATTTCGCCGTGGC,subra_121,GACCATGCAAGGAGAGGTAC
subra_33,ACCACAGGTCAAGATTCACG,subra_122,GATACATAGACTTGGCCCCG
subra_34,ACCCGTATCGCATAAGGATG,subra_123,GCACGCAAAAGGACATAACC
subra_35,ACGAGATGATGCACCGATAG,subra_124,GCAGCGTTTTAGCCTACAAG
subra_36,ACGATGGGGACATAGAACAC,subra_125,GCATAAAGTTGACAGGCCAG
subra_37,ACGGAGCCCTTATTGTAACC,subra_126,GCTAAATAGAGGGAAGCCCC
subra_38,ACGTATGGGGAACACTACAC,subra_127,GGAAAACTAAGACAAGGCGC
subra_39,ACGTGAAACTGTATCGAGCC,subra_128,GGAAACAATAACCATCGGCG
subra_40,ACGTTCAGTTTTCCAATGGC,subra_129,GGGCACCGATTAAGAAATGC
subra_41,ACTAGATTAGCAAGGCACCC,subra_130,GGGTTGTCTCCTCTGATAGC
subra_42,ACTGGACCCAATAAAAGGCC,subra_131,GTACTCAGAGATTGCCGGAG
subra_43,ACTTCGATTGGCAAGGACTG,subra_132,GTATAAGATCAGCCGGACCC
subra_44,AGAACATAGCATTCACGGGG,subra_133,GTATGTCGGCTCTCGTATCG
subra_45,AGACAACAATCTGAGGCTGG,subra_134,GTTCAGAGGTACGAACCCTC
subra_46,AGACAAGCCTTAACCGTAGG,subra_135,GTTGCATCTAAGCCAAGTGC
subra_47,AGACACAAGGCTGATTCCAG,subra_136,TAAAGAGAGGGCGTCCAATC
subra_48,AGACATGGGATTGACCACAC,subra_138,TAACGACGTGCCGAACTTAG
subra_49,AGAGAGGCATGATTGACCTC,subra_139,TAAGATAGCACCACGGATGG
subra_50,AGAGTTGCACCTAGAATCCG,subra_140,TAAGGATTCATCAGGTGCGC
subra_51,AGATAGATGCTCCGTCAAGC,subra_141,TAAGGGACGATGCTTAACCC
subra_52,AGATAGTCACGCACAAGACC,subra_143,TACCACGAAATGCACAGGAG
subra_53,AGATTAGCCGACTTTCCTGG,subra_144,TACTGATAATTCGGACGCCC
subra_54,AGATTAGCTGCCGATACTGG,subra_145,TACTTGAATACCACGTGGCC
subra_55,AGATTGTTACTCCGACGGAC,subra_146,TAGCCAGGCAAAAGAGATCC
subra_56,AGATTTCCGACGAGATTCCC,subra_147,TAGCTCGATAATCAAGGGGC
subra_57,AGCATCCGTCTAAATCTCGG,subra_148,TAGTGACCTAATGCCATGGG
subra_58,AGCTATAAGAATTGCCGGGC,subra_149,TAGTTGAGAACACGAACCCG
subra_59,AGCTATGATCCCGGTGTAAC,subra_150,TATAACAGGCTGCTGAGACC
subra_60,AGCTCAATCTAACAGTGGGG,subra_151,TATACTGAAGAACGGCCCAG
subra_61,AGGACACCAGACCAATGAAG,subra_152,TATCAATCCGGAACCAGTGC
subra_62,AGGGCTAATTACCATCAGCG,subra_153,TATCACGGAAGGACTCAACG
subra_63,AGGTGATCTGACGAATGTCC,subra_155,TCAAAGGAGCACGAACCTAC
subra_64,AGTAAAGCATAGTGCCCAGC,subra_156,TCAAGGTCCGTTATGGAACC
subra_66,AGTAGTATCCGAATCGCTGC,subra_157,TCACATAGAAGGACATGGCG
subra_67,AGTATCTCAGCAAGGGCAAC,subra_158,TCACTTGGTATCGAGAACGG
subra_68,AGTATTAGGCGTCAAGGTCC,subra_159,TCAGCCTTTCATTGATTGCG
subra_69,AGTATTCTTACAGCCAGCCG,subra_161,TCATCGACAAGATACAGGCG
subra_70,AGTATTGCCGGACTAAACCC,subra_162,TCCAATTATACGGAGCAGGC
subra_72,AGTCCCAAGTTCAGACGTAC,subra_163,TCGAATATGCTGTAACCCCG
subra_73,AGTCCGACACAATGTGACAC,subra_164,TCGACCAGGTTATCATGAGC
subra_74,AGTGAACTGACCGAATCCTC,subra_165,TCGAGACAAGAACGATTCCC
subra_76,AGTGGTCTGTAAACCGTACC,subra_166,TCTAGGACTATCACCGGAGG
subra_77,AGTGTTTTCCATTTTCCGCG,subra_168,TCTTCATAAGCCAGAGTGCC
subra_78,AGTTATAAGGGTCCGATGCC,subra_169,TCTTGCGATAGACACAAGCC
subra_79,AGTTGCAGTATCTAACCCGC,subra_170,TGAGCCATAAAAGCAAAGCG
subra_80,AGTTGTAATATCACCCGCGC,subra_171,TGAGCGCAGAACTATCAGAC
subra_82,ATACGTGGCTAGCATGAGAC,subra_172,TGCATAGTATCCCAACAGGG
subra_83,ATACTGTAAGAACCACGCGG,subra_173,TGCCAAAGGGTAGAGACATC
subra_84,ATAGATCATGTCGGCAGTCG,subra_174,TGCTGAATGAGAAACCTCGG
subra_85,ATAGATGGTGCCTACATGCG,subra_176,TGGGGACGACTTATAATGCC
subra_87,ATCACAACAAAGGACGGGTC,subra_177,TGTGGACCCTATCAAACGAG
subra_88,ATCAGACAACACAGAGGCTG,subra_179,TTAGCTCAGGTCCAAAGTCC
subra_89,ATCCAGGAGGTCTAGGAACC,subra_180,TTAGTAGGCAAGCATACCCG
subra_90,ATCCTAGAAAAGGCGAAGGC,subra_182,TTCGGGAGCGGATTATACAC
subra_91,ATGCCATGACGACAACTAGC,subra_183,TTCTGGGACTGGATAACACG
,,subra_184,TTGACAGACAATCCGTAGGC
